<?xml version="1.0" encoding="UTF-8" standalone="yes"?>
<addon id="repository.bbviking" name="bbviking repository" version="1.0.2" provider-name="bbviking">
    <extension point="xbmc.addon.repository" name="bbviking repository">
        <dir>
            <info compressed="false">https://raw.githubusercontent.com/bbviking/bbviking.github.io/master/repo/zips/addons.xml</info>
            <checksum>https://raw.githubusercontent.com/bbviking/bbviking.github.io/master/repo/zips/addons.xml.md5</checksum>
            <datadir zip="true">https://raw.githubusercontent.com/bbviking/bbviking.github.io/master/repo/zips/</datadir>
        </dir>
    </extension>
    <extension point="xbmc.addon.metadata">
        <summary>bbviking repository</summary>
        <description>Repository for personal stuff</description>
        <disclaimer></disclaimer>
        <platform>all</platform>
        <assets>
            <icon>icon.png</icon>
            <fanart>fanart.jpg</fanart>
        </assets>
    </extension>
</addon>